1;Maile Irwin;Scalipus;28/02/2002;F
2;Sasha Nolan;Scalipus;28/02/2002;F
3;Halee Singleton;Scalipus;12/10/2001;F
4;Jada Knapp;Scalipus;12/08/2002;F
5;Sawyer Short;Scalipus;07/12/2004;M
6;Gabriel Sargent;Scalipus;04/01/2000;M
7;Lester Jarvis;Scalipus;01/12/2000;M
8;Lee Woodard;Scalipus;13/09/2004;M
9;Russell Alvarez;Scalipus;09/09/2000;M
10;Beau Fernandez;Scalipus;10/04/2000;M
11;Drake Goodwin;Scalipus;25/06/2003;M
12;Lee Briggs;Scalipus;12/11/2004;M
13;Lacota Hyde;Scalipus;22/05/2003;F
14;Elliott Ryan;Scalipus;18/05/2005;M
15;Kareem Sellers;Scalipus;16/05/2002;M
16;Reed Riddle;Scalipus;15/03/2000;M
17;Jonah Alford;Scalipus;02/08/2001;M
18;Timon Crane;Scalipus;07/10/2003;M
19;Jermaine Acevedo;Scalipus;22/03/1995;M
20;Gil Solis;Scalipus;14/02/2005;M
21;Hayley Dean;Scalipus;31/12/2003;F
22;Samuel Caldwell;Scalipus;26/03/2003;M
23;Dahlia Williams;Scalipus;30/12/2005;F
24;Nina Zimmerman;Scalipus;14/05/2004;F
25;Brody Serrano;Scalipus;08/01/2002;M
26;Noelani Bruce;Scalipus;02/03/2003;F
27;Oren Lucas;Scalipus;19/06/2002;M
28;Wendy Knight;Scalipus;07/08/1995;F
29;Arthur Hartman;Scalipus;20/01/2002;M
30;Serena Knowles;Scalipus;25/09/2005;F
31;Petra Tyson;Scalipus;21/05/2000;F
32;Ima Holmes;Scalipus;06/03/2003;F
33;Mannix Beard;Scalipus;17/02/2001;M
34;Quintessa Henderson;Scalipus;08/03/2002;F
35;Zachary Cantu;Scalipus;31/08/2002;M
36;Kirsten Mueller;Scalipus;15/03/2002;F
37;Rylee Schroeder;Scalipus;23/04/1995;F
38;Clarke Bradshaw;Scalipus;25/01/2004;M
39;Ivor Ruiz;Scalipus;16/11/2003;M
40;Brenden Kemp;Scalipus;06/04/2001;M
41;Dylan Vance;Scalipus;26/11/2002;M
42;Lucian Walker;Scalipus;29/04/1995;M
43;Cecilia Yates;Scalipus;29/02/2000;F
44;Jelani Cardenas;Scalipus;23/10/2005;M
45;Clayton Talley;Scalipus;04/01/1995;M
46;Dustin Gates;Scalipus;03/11/1995;M
47;Lisandra Berg;Scalipus;23/03/2003;F
48;Yael Gallegos;Scalipus;06/11/2003;F
49;Destiny Mclaughlin;Scalipus;03/03/2005;F
50;Brett Hawkins;Scalipus;21/10/2005;M
51;Ulric Blanchard;Scalipus;27/04/2000;M
52;Helen Holman;Scalipus;03/04/2003;F
53;Scott Dejesus;Scalipus;24/09/2005;M
54;Edward Guy;Scalipus;07/07/2005;M
55;Wanda Estes;Scalipus;09/09/2002;F
56;Tobias Church;Scalipus;28/12/2005;M
57;Kameko Roberts;Scalipus;09/04/2000;F
58;Angelica Mathews;Scalipus;13/09/1995;F
59;Dieter Best;Scalipus;08/02/2002;M
60;Dillon Valenzuela;Scalipus;12/02/1995;M
61;Deirdre Stafford;Scalipus;04/12/2003;F
62;Lucian Yang;Scalipus;23/12/1995;M
63;Griffith Henry;Scalipus;22/06/1995;M
64;Teegan Wilder;Scalipus;22/07/2005;F
65;Ava Waters;Scalipus;01/11/2005;F
66;Buffy Mccullough;Scalipus;13/01/2003;F
67;Reed Bennett;Scalipus;26/06/2004;M
68;Cade Hunter;Scalipus;16/05/2003;M
69;Tiger Todd;Scalipus;27/09/2005;M
70;Jena Glenn;Scalipus;29/10/2002;F
71;Knox Knight;Galitos;13/09/2005;M
72;Willow Hogan;Barreirense;06/03/2002;F
73;Ali Booker;Galitos;04/01/2005;M
74;Joy Mcpherson;Galitos;05/08/1995;F
75;Dorian Kemp;Galitos;21/01/1995;M
76;Winifred Hines;Barreirense;16/08/2001;F
77;Destiny Mendoza;Galitos;04/09/2000;F
78;Andrew Jacobson;Galitos;21/01/2002;M
79;Regan Evans;Barreirense;07/11/2000;F
80;Peter Wells;Galitos;21/10/2003;M
81;Hilary Tyler;Barreirense;17/10/2004;F
82;Heather Glenn;Galitos;11/10/2000;F
83;Galena Rivas;Galitos;25/09/2000;F
84;Hector Lara;Barreirense;29/05/2004;M
85;Arsenio Wiggins;Barreirense;29/01/2005;M
86;Caesar Hutchinson;Barreirense;19/10/2000;M
87;Alan Colon;Barreirense;31/10/2001;M
88;Robert Barry;Barreirense;30/09/2005;M
89;Hop Berg;Barreirense;15/09/2004;M
90;Kim Blake;Galitos;11/08/2000;F
91;Hiram Knight;Barreirense;09/08/2000;M
92;Cyrus Carrillo;Barreirense;11/10/2005;M
93;Jaquelyn Duncan;Galitos;04/12/2005;F
94;Aaron Spence;Galitos;15/07/2005;M
95;Jackson Santiago;Galitos;28/03/2005;M
96;Ian Scott;Galitos;08/12/1995;M
97;Fitzgerald Lane;Galitos;27/11/2003;M
98;Craig Saunders;Barreirense;04/03/2000;M
99;Mikayla Caldwell;Galitos;18/01/2002;F
100;Priscilla Rich;Barreirense;12/11/2005;F
101;Maile Nicholson;Barreirense;25/11/2003;F
102;Lani Holland;Barreirense;05/06/2004;F
103;Bree Rivas;Galitos;08/11/2003;F
104;Francesca Henderson;Galitos;16/06/2002;F
105;Vladimir Cook;Barreirense;08/01/2002;M
106;Zachery Wyatt;Barreirense;23/10/2005;M
107;Fatima Adkins;Barreirense;28/06/2003;F
108;Serina Rosales;Barreirense;17/08/2003;F
109;Steven Bolton;Barreirense;04/02/2003;M
110;Geoffrey Lane;Galitos;05/01/2000;M
111;Marvin Dean;Galitos;04/08/2003;M
112;Vernon Wilkinson;Barreirense;14/01/2004;M
113;Randall Rush;Galitos;18/07/2000;M
114;Ruby Norton;Barreirense;01/08/2003;F
115;Hilel Woodward;Galitos;05/01/2002;M
116;Jeremy Patrick;Galitos;16/05/2003;M
117;Xander Gillespie;Galitos;14/10/2000;M
118;Aristotle Rowe;Galitos;26/06/2002;M
119;Octavius Lopez;Barreirense;07/02/2004;M
120;Harriet Powers;Galitos;12/01/2002;F
121;Louis Moore;Barreirense;20/02/2005;M
122;Giacomo Malone;Galitos;05/07/2005;M
123;Chava Robertson;Galitos;10/03/2003;F
124;Ross Evans;Barreirense;17/07/2004;M
125;Catherine Mcclure;Barreirense;05/05/2003;F
126;Leigh Pugh;Galitos;12/01/2003;F
127;Nola Lee;Galitos;22/09/1995;F
128;Kirestin Mckenzie;Galitos;03/09/2000;F
129;Melanie Alexander;Galitos;14/03/1995;F
130;Elijah Moses;Barreirense;11/02/2004;M
131;Indigo Kemp;Galitos;25/09/2000;F
132;Kevyn Patterson;Galitos;20/02/2000;F
133;Troy Flynn;Galitos;14/07/2002;M
134;Glenna Daniel;Galitos;23/02/2003;F
135;Geoffrey Hodges;Barreirense;22/10/2001;M
136;Sonya Burch;Galitos;31/07/2003;F
137;Nigel Leblanc;Galitos;21/08/1995;M
138;Naomi Owen;Barreirense;24/09/2000;F
139;Odysseus Wallace;Barreirense;24/04/2004;M
140;Tucker Foreman;Barreirense;01/03/2002;M
141;Paloma Bernard;Barreirense;18/04/2002;F
142;Dillon Nielsen;Galitos;02/05/2000;M
143;Beck Tanner;Galitos;18/03/1995;M
144;Judith Hyde;Barreirense;25/09/2005;F
145;Bevis Foley;Barreirense;12/10/2000;M
146;Price Roth;Barreirense;10/01/2003;M
147;Buckminster Bates;Barreirense;16/06/2000;M
148;Chadwick Wiggins;Barreirense;09/09/2000;M
149;Steven Alexander;Barreirense;25/04/2005;M
150;Medge Everett;Barreirense;10/07/2004;F
151;Kaden Livingston;Barreirense;01/06/2004;F
152;Forrest Mercer;Barreirense;19/03/2003;M
153;Nash Adkins;Barreirense;19/06/2005;M
154;Declan Dickson;Barreirense;27/10/2000;M
155;Quemby House;Barreirense;12/04/2003;F
156;Venus Wilkerson;Barreirense;27/07/2003;F
157;Lester King;Barreirense;12/05/2003;M
158;Rudyard Benjamin;Barreirense;04/05/1995;M
159;Gage Bridges;Barreirense;12/10/2004;M
160;Riley Herring;Barreirense;11/09/2001;F
161;Benjamin Santos;Barreirense;06/11/2001;M
162;Branden Bishop;Barreirense;31/12/2002;M
163;Charlotte Duffy;Barreirense;09/01/2004;F
164;Hilda Moreno;Barreirense;15/05/2001;F
165;Andrew Bradford;Barreirense;06/01/2005;M
166;Teegan Flynn;Barreirense;11/04/2000;F
167;Bryar Jarvis;Barreirense;29/08/2000;F
168;Alec Dejesus;Barreirense;20/09/2005;M
169;Leroy Morrow;Barreirense;29/08/2003;M
170;Kathleen Gomez;Barreirense;17/05/2002;F
171;Rebecca Thompson;Barreirense;16/09/2003;F
172;Kane Branch;Barreirense;12/02/2002;M
173;Elvis Hester;Barreirense;19/12/2001;M
174;Orla Sharpe;Barreirense;05/02/2002;F
175;Dimitri Mccullough;Barreirense;30/11/2003;M
176;Evelynn Singleton;Barreirense;07/04/2001;M
177;Beckham Stuart;Barreirense;08/01/1995;M
178;Jordan Meadows;Barreirense;23/01/2002;F
179;Dawson Fulton;Barreirense;11/09/2003;M
180;Xander Kelley;Barreirense;29/10/2005;M
181;Paris Marsh;Barreirense;06/10/2003;M
182;Hudson Blair;Barreirense;28/08/2002;M
183;Bianca Wood;Barreirense;06/09/2004;F
184;Uriah Hughes;Barreirense;14/04/2001;M
185;Willow Peck;Barreirense;06/03/2000;F
186;Kendrick Berry;Barreirense;12/12/2002;M
187;Ricardo Rush;Barreirense;09/09/2005;M
188;Dana Woodard;Barreirense;01/08/2000;F
189;Dacey Robinson;Barreirense;01/02/2000;F
190;Calista Spence;Barreirense;25/11/1995;F
191;Lee Williams;Barreirense;11/06/2005;F
192;Edwin Vang;Barreirense;08/08/2002;M
193;Justine Madden;Barreirense;21/07/2003;F
194;Bowen Rush;Barreirense;14/07/2003;M
195;Yareli Hewitt;Barreirense;03/03/2005;M
196;Alison Moses;Barreirense;13/08/2000;M
197;Medge Sweet;Barreirense;06/11/2003;F
198;Leon Weiss;Barreirense;05/03/1995;M
199;Braden Puckett;Barreirense;25/07/2005;M
200;Ernest Garrett;Barreirense;21/05/2002;M
201;Megan Preston;Barreirense;20/02/2003;F
202;Rodolfo Vazquez;Barreirense;29/10/2004;M
203;Kyra Ellis;Barreirense;11/04/2003;F
204;Jabari Miles;Barreirense;18/05/2000;M
205;Esteban Welch;Barreirense;07/06/1995;M
206;Riley Sargent;Barreirense;23/05/2004;F
207;Hadley Matthews;Barreirense;20/07/1995;M
208;Mia Sanders;Barreirense;30/07/2005;F
209;Harley Chase;Barreirense;01/08/2005;M
210;Claire Ballard;Barreirense;13/04/2002;F
211;Nicolas Black;Barreirense;04/07/2003;M
212;Emanuel Velasquez;Barreirense;11/09/2005;M
213;Martin Harrell;Barreirense;24/05/2003;M
214;Konner Emerson;Barreirense;10/06/2000;M
215;Dillon Livingston;Barreirense;01/06/2003;M
216;Richard Bryan;Barreirense;14/12/2002;M
217;Julius Kelley;Barreirense;15/06/2003;M
218;Cesar Medina;Barreirense;12/11/2005;M
219;Geraldine Golden;Barreirense;04/07/2001;F
220;Tasha Cox;Barreirense;01/08/2000;F
221;Justina Suarez;Barreirense;14/06/2002;F
222;John Davis;Barreirense;08/02/2000;M
223;Alexa David;Barreirense;27/07/2002;F
224;May Aguilar;Barreirense;30/07/2003;F
225;Hadassah Brady;Barreirense;16/05/2003;F
226;Jaidyn Gates;Barreirense;01/11/2001;M
227;Alisa Medina;Barreirense;12/05/2005;F
228;Alexis Riley;Barreirense;30/03/2003;M
229;Steve Bullock;Barreirense;03/09/2004;M
230;Karina Kidd;Barreirense;23/03/1995;F
231;Addison Flowers;Barreirense;31/03/2000;M
232;Orlando Byrd;Barreirense;27/09/2004;M
233;Jeremiah Sparks;Barreirense;30/11/2003;M
234;Rayden Lang;Barreirense;11/01/2005;M
235;Charli Tyson;Barreirense;04/03/2001;M
236;Lance Blair;Sampaio;21/05/2002;M
237;Demetrius Landry;Sampaio;04/06/2005;M
238;Edwin Finch;Sampaio;15/11/2004;M
239;Kessie Spears;Sampaio;11/05/2005;F
240;Lareina Bowman;Sampaio;09/07/1995;F
241;Joyce Barnett;Sampaio;16/01/2001;M
242;Xandra Wagner;Sampaio;11/02/2002;F
243;Sawyer Lindsay;Sampaio;04/04/2004;M
244;Kai Duran;Sampaio;27/06/2001;M
245;Lacey Collins;Sampaio;08/01/2004;F
246;Miriam Odonnell;Sampaio;04/08/2004;M
247;Trevon Hodges;Sampaio;26/11/2003;M
248;Carmelo Suarez;Sampaio;06/05/2000;M
249;Kaylyn Navarro;Sampaio;15/04/2002;M
250;Craig Wilcox;Sampaio;24/05/1995;M
251;Caitlin Spears;Sampaio;24/09/2003;M
252;Dakota Leonard;Sampaio;13/03/2005;F
253;David Cortez;Sampaio;10/09/2003;M
254;Lina Atkins;Sampaio;20/10/2003;F
255;Isiah Cabrera;Sampaio;01/03/2002;M
256;Carley Wood;Sampaio;02/04/2000;M
257;Alexa Justice;Sampaio;26/12/2003;F
258;Angela Harding;Sampaio;08/02/2004;F
259;Arlo Weiss;Sampaio;03/01/2002;M
260;Alexia Craft;Sampaio;26/02/2002;F
261;Taylor Delacruz;Sampaio;05/02/2004;M
262;Saige Patton;Sampaio;14/05/2005;M
263;Adriana Shaw;Sampaio;16/11/2002;F
264;Samara Gregory;Sampaio;14/10/2005;F
265;Keyon Pollard;Sampaio;27/11/2000;M
266;Joseph Melton;Sampaio;24/06/2003;M
267;Gracelyn Wilder;Sampaio;23/07/2000;F
268;Brooke Cabrera;Sampaio;20/04/2005;F
269;Dorian Rich;Sampaio;24/08/2003;M
270;Abrielle Jefferson;Sampaio;11/12/2003;F
271;Elisha Chambers;Sampaio;16/06/2002;F
272;Tia Buchanan;Sampaio;25/08/2000;F
273;Myles Reid;Sampaio;15/11/2003;M
274;Amiyah Caldwell;Sampaio;19/06/2004;F
275;Bryn Soto;Sampaio;01/09/2002;M
276;Brycen Schmidt;Sampaio;01/01/2000;M
277;Kinley Baird;Sampaio;09/10/2000;M
278;Tristen Neal;Sampaio;07/10/2002;M
279;Denise Wilkinson;Sampaio;30/11/2001;F
280;Chace Emerson;Sampaio;20/02/2000;M
281;Melody Whitney;Sampaio;13/04/2003;F
282;Leila Mclean;Sampaio;08/03/1995;F
283;Melina Livingston;Sampaio;12/07/2005;F
284;Dillon Gentry;Sampaio;05/06/2000;M
285;Messiah Cline;Sampaio;03/06/2003;M
286;Nickolas Ramsey;Sampaio;14/05/2002;M
287;Thaddeus Carrillo;Sampaio;20/11/2001;M
288;Trace Franks;Sampaio;04/04/2000;M
289;Quinn Becker;Sampaio;14/01/2005;M
290;Annie Jimenez;Sampaio;23/09/2002;F
291;Sharon Craft;Sampaio;09/12/2002;M
292;Jazmine Wilkerson;Sampaio;01/04/1995;F
293;Amanda Wiggins;Sampaio;24/09/2000;F
294;Saniya Wood;Sampaio;12/11/2005;F
295;Hamza Watson;Sampaio;26/11/2000;F
296;Marilyn Boyle;Sampaio;30/12/2001;F
297;Addison Cantrell;Sampaio;21/04/2003;M
298;Chaim Flores;Sampaio;12/01/2003;M
299;Shania Peters;Sampaio;15/03/2003;F
300;Mohammed Andrews;Sampaio;23/03/2005;M
